PoreSizeDistribution_geometric_WtAvg_x,MUKEY,ksat_r_WtAvg,Ks_WtAvg,dbthirdbar_r_WtAvg,dbfifteenbar_r_WtAvg,ResidualWaterContent_WtAvg,Porosity_WtAvg,EffectivePorosity_WtAvg,BubblingPressure_Geometric_WtAvg,PoreSizeDistribution_geometric_WtAvg_y,AvaWaterCon,HydroGrp
0.127525,658420,7.26887,0.00252975,0.637369565217,,0.0123,0.21385,0.202025,76.71,0.127525,0,D
0.210846022032,658421,16.3541344186,0.00534143206854,0.945348837209,,0.0258106487148,0.265002080783,0.240140636475,89.3914810282,0.210846022032,0,B
0.213625,658429,14.749465,0.00456075,1.035,,0.0159,0.36175,0.345725,130.035,0.213625,0,D
0.201026703112,658437,4.99091273146,0.00237169450651,1.1546668002,,0.0368534951903,0.40679556572,0.369264430973,186.390234501,0.201026703112,0,B
0.0329173872369,658440,1.91431758804,0.000640378617183,0.170177896341,,0.00512409622452,0.0546577948547,0.0494900167056,26.489996993,0.0329173872369,0,D
0.3108,658470,33.8744,0.009175,1.2625,,0.0307,0.3568,0.3271,96.385,0.3108,0,A
0.1516,658471,9.880025,0.004343,0.58,,0.0155,0.1788,0.1639,49.685,0.1516,0,C
0.191807772021,658472,6.32429544041,0.00329212020725,0.951968911917,,0.0351663212435,0.316489119171,0.282630051813,138.465336788,0.191807772021,0,B
0.1346,658476,10.7120358421,0.004602,0.457768421053,,0.0108,0.1319,0.121,29.055,0.1346,0,B
0.411883114035,659480,26.2711056743,0.0241096698465,1.45836348684,,0.0363057565789,0.450485197368,0.415830975877,133.911222588,0.411883114035,0,A
0.170632344406,659481,7.83345,0.00339622588797,0.820589477075,,0.0182907276672,0.280976045464,0.263003443396,109.532975208,0.170632344406,0,D
0.186912709552,659482,2.29885187524,0.00217483239766,1.17514288499,,0.0334933138402,0.401888011696,0.368639278752,200.844152047,0.186912709552,0,B
0.202969147925,659506,8.13324221596,0.00274512125223,1.23357998721,,0.0539939347358,0.431560188377,0.402215844032,202.531067904,0.202969147925,0,D
0.253568503099,659507,9.1342880888,0.00374498706588,1.40052346999,,0.0371920383453,0.463955423395,0.427600056614,209.081626185,0.253568503099,0,B
0.16180263601,659520,2.82991125452,0.0011518705448,0.912236906939,,0.0358767390531,0.308385981154,0.272604486691,178.440295845,0.16180263601,0,C
0.237854945193,659531,6.61966577845,0.00323051457992,1.35447410866,,0.0372855962055,0.436969468822,0.400512540096,204.19933407,0.237854945193,0,B
0.101672727273,659553,0.715319090909,0.000278627275,0.856590909091,,0.0333863636364,0.307031818182,0.272822727273,207.292272727,0.101672727273,0,D
0.26191827957,659738,13.69088,0.0105856860215,1.38811827957,,0.0291840501792,0.473903225806,0.444406451613,223.200716846,0.26191827957,0,B
0.215036616745,659741,6.95546329461,0.00577311261239,1.05735259048,,0.0235580136148,0.351160685785,0.328642192934,133.582773733,0.215036616745,0,D
0.153960754304,659743,2.39859930323,0.00126532011383,1.18472733777,,0.0527602249667,0.424159955364,0.370998879881,282.603302957,0.153960754304,0,D
0.18372964924,659745,6.7037753589,0.002740405648,0.889098004776,,0.0748757643019,0.391025987052,0.350381204511,235.698161004,0.18372964924,0,D
0.261884615385,659756,19.4234907692,0.00786757692308,0.907884615385,,0.0279192307692,0.28025,0.252219230769,89.3026923077,0.261884615385,0,D
0.274413829787,659757,14.82002,0.00544970212766,1.342,,0.0294946808511,0.44645212766,0.41855106383,157.764787234,0.274413829787,0,B
0.244993510836,659758,15.7134429085,0.00459832772633,1.44285454756,,0.0409084739547,0.454478566181,0.413343102252,235.690159337,0.244993510836,0,B
0.228074068556,661635,9.40121352171,0.00339066979349,1.14974222183,,0.0589398274836,0.472213922625,0.436111880774,214.257537127,0.228074068556,0,B
0.298262522795,661648,29.0752790304,0.0156204665141,1.33699025746,,0.0531259169927,0.417360621196,0.387749151501,145.143212302,0.298262522795,0,B
0.19501806112,661668,6.40212584301,0.00188354433634,1.32979653419,,0.117960655959,0.480893476302,0.439919331598,234.795077495,0.19501806112,0,C
0.212509032659,661673,2.3886530749,0.00274277144386,1.29933979757,,0.0390146024291,0.46567623691,0.425586960594,156.826939703,0.212509032659,0,C
0.216599637388,661683,4.69241142594,0.00288554403067,1.35484793305,,0.0296623823853,0.477744301628,0.451277588148,165.43244706,0.216599637388,0,B
0.255572039752,661691,14.7952157728,0.00656455151909,1.47130753719,,0.0265250528608,0.472338303664,0.445613486322,151.703024645,0.255572039752,0,B
0.296138564688,661693,41.1983711806,0.0118460039979,1.5247712369,,0.0268540331909,0.466360429226,0.439588452007,141.785655887,0.296138564688,0,B
0.172798068897,661701,5.30690655622,0.00217306210723,1.2198893185,,0.0439738382544,0.396309712004,0.352629739871,214.717716592,0.172798068897,0,C
0.119310536541,661703,12.7554517405,0.00264580499889,0.643608487931,,0.0196673927544,0.262870298078,0.243348234043,127.72786501,0.119310536541,0,B
0.207385185762,661832,7.95794395267,0.00352704554498,0.944362542298,,0.0230057789439,0.388978091065,0.366559988277,152.179086356,0.207385185762,0,B
0.194533898254,662025,1.59914985271,0.00149810155472,1.49179591015,,0.0408329143885,0.469685145559,0.428037132557,239.93803367,0.194533898254,0,B
0.236411063105,662036,5.13796959685,0.00339331047187,1.38671086597,,0.0287077948656,0.475259639892,0.446788517274,191.263847375,0.236411063105,0,B
0.218761611459,662037,4.26968967405,0.00270740491231,1.22402733171,,0.0230287830248,0.483955746644,0.460462488788,178.618994709,0.218761611459,0,B
0.165347569737,665890,4.69509402514,0.00198530122796,1.06879016898,,0.0262475226033,0.342860038461,0.316376108917,168.115855081,0.165347569737,0,B
0.17602271714,665891,2.90308777066,0.00154525396882,1.15874861901,,0.0282919467283,0.413448237201,0.384829694446,184.338529644,0.17602271714,0,B
0.312793581718,670369,18.7807843705,0.0104821399469,1.44073199913,,0.0341564358737,0.448427324946,0.415384835895,163.732597801,0.312793581718,0,B
0.188582250079,670400,1.20047324008,0.00157170180385,1.35995509539,,0.141183086858,0.466400387062,0.409645307708,233.54034048,0.188582250079,0,D
0.17640287874,670479,2.94032705463,0.00116476052434,1.25025859925,,0.034818298239,0.419499825501,0.384001584186,246.431488663,0.17640287874,0,D
0.234820001553,670487,6.92148456673,0.00323043822398,1.28204731257,,0.0203477213686,0.48971003062,0.469502681296,190.320262659,0.234820001553,0,D
0.324895819042,670493,15.8887896018,0.0083345086373,0.789355611753,,0.0365664757358,0.455386507097,0.419788157777,160.255782146,0.324895819042,0,D
0.235674153744,670514,4.74776838596,0.00213819083284,1.37438112708,,0.0529297902222,0.43164816535,0.378890219334,255.703012808,0.235674153744,0,D
0.170445789474,670658,4.16951578947,0.00292626947368,0.831670175439,,0.0261173684211,0.293944736842,0.269021052632,115.338631579,0.170445789474,0,D
0.204437453106,670794,4.87928860465,0.00233921225104,1.22117395063,,0.0177329416459,0.442988080435,0.425628151907,180.636754774,0.204437453106,0,D
0.180067747961,674280,3.55042754002,0.00184295381476,1.32701590938,,0.0500358294085,0.448796954925,0.398699911822,271.518613998,0.180067747961,0,C
0.18118203543,674281,4.01476842546,0.00157685218119,1.20021511628,,0.078408310691,0.422421589912,0.37784693512,221.359739849,0.18118203543,0,C
0.215732350148,674282,3.50890778526,0.00194492736474,1.31072674077,,0.0417346230355,0.456680022514,0.41432627795,219.82023701,0.215732350148,0,B
0.218523844487,674283,9.80944,0.0037596654771,1.07384167003,,0.0257584324454,0.375151740101,0.35068645916,143.309352236,0.218523844487,0,D
0.24727743724,674284,7.89693335049,0.00405013971976,1.28622031795,,0.0278284486244,0.452726519546,0.4261721468,176.032203329,0.24727743724,0,B
0.134516422991,674285,5.85484471954,0.00142655880674,0.8730896196,,0.0449647172602,0.314631010354,0.2929739978,142.567830242,0.134516422991,0,D
0.218911321257,674286,3.8241590728,0.00298087645691,1.33064838038,,0.0372557401084,0.476836129891,0.444422268367,235.851312319,0.218911321257,0,B
0.177551736482,674287,3.718699882,0.00174670473559,1.17363946808,,0.0240696377006,0.407856648861,0.383417589733,197.671153519,0.177551736482,0,B
0.295627122075,674288,17.2922257924,0.00534406408241,1.37313233939,,0.0449779054848,0.441685804644,0.397959786753,192.870461733,0.295627122075,0,B
0.180023351188,674289,2.96278106934,0.00145688972017,1.13505641142,,0.032999493764,0.427564195711,0.394049118339,206.370484339,0.180023351188,0,D
0.251372620281,674290,9.70545131579,0.00352693424819,1.37046327245,,0.0388705983429,0.458141691774,0.420042910272,213.803537724,0.251372620281,0,B
0.219574174667,674291,6.35123729055,0.00318153061072,1.25610029928,,0.0636394534048,0.443460868872,0.398039940797,245.798336452,0.219574174667,0,B
0.323042136546,674292,19.8056015518,0.015226368359,1.13797270175,,0.0358385350635,0.454625408577,0.419046873428,190.428275876,0.323042136546,0,B
0.230757928465,674293,6.46829299832,0.00283460095793,1.37846088219,,0.0373084376748,0.467044143058,0.430034466342,220.652312974,0.230757928465,0,B
0.248272019231,674294,9.86151060985,0.00413708996096,1.31643398159,,0.0395856992843,0.464611418631,0.424479783473,213.557770026,0.248272019231,0,B
0.137,674295,11.29146,0.00377,0.155,,0.01,0.1876,0.1774,58.9,0.137,0,B
0.204028150332,674296,7.15275475515,0.00373282608696,1.01592059497,,0.0284619012528,0.316979366249,0.289925276345,124.651024318,0.204028150332,0,D
0.1811,674297,8.4686,0.0043755,0.9325,,0.01875,0.29705,0.27715,68.785,0.1811,0,B
0.0237,674298,2.11715,0.0008485,0.0775,,0.00175,0.02185,0.02005,4.345,0.0237,0,D
0.0966,674299,1.27029,0.002157,0.399,,0.0123,0.1359,0.1245,43.98,0.0966,0,D
0.202371252014,674300,2.52247454587,0.00287382991796,0.946030464295,,0.104247376132,0.459777659799,0.405058266507,219.311128561,0.202371252014,0,D
0.25705,674301,11.7726095455,0.005315,1.25696052632,,0.03095,0.39225,0.3634,133.76,0.25705,0,B
0.247499336934,674302,17.0738779867,0.00626065623588,1.23527140399,,0.0213023994737,0.419400298435,0.397911307528,152.75404245,0.247499336934,0,C
0.326420954844,674303,17.5986298736,0.0110998727672,1.42856945833,,0.0271888014835,0.464382346039,0.437031136367,137.47999732,0.326420954844,0,B
0.258122826087,674304,18.6364805263,0.00418832665904,1.34052240656,,0.025205358505,0.480154176201,0.455643211289,187.380575896,0.258122826087,0,B
0.271171636839,674305,13.3972733422,0.00464293968456,1.39272343222,,0.0387819289065,0.458851461566,0.421531289574,195.526807273,0.271171636839,0,C
0.147169625364,674306,2.71634741555,0.00127013161792,1.07286004184,,0.0171145404424,0.361628266299,0.344916984663,162.835093302,0.147169625364,0,D
0.234820001553,674307,6.92148456673,0.00323043822398,1.28204731257,,0.0203477213686,0.48971003062,0.469502681296,190.320262659,0.234820001553,0,D
0.254742879714,674308,13.1221227657,0.00435813316929,1.38719483009,,0.0283312577704,0.477444451927,0.449682493266,198.115544447,0.254742879714,0,B
0.234706037609,674309,8.46439401575,0.00347899422192,1.3489522769,,0.0258424419809,0.48312037298,0.457284335371,213.92633392,0.234706037609,0,B
0.209774991739,674310,7.20980959893,0.00241785592118,1.20638793571,,0.0237584127045,0.462651662915,0.438990043318,189.984769581,0.209774991739,0,D
0.201028010871,674311,3.6075415859,0.00221742911042,0.454398678414,,0.0250167898252,0.480862544408,0.454657346881,198.032868943,0.201028010871,0,C
0.23350030303,674312,6.15740707071,0.00309049393939,1.36677272727,,0.0212535353535,0.48788,0.467011616162,186.174808081,0.23350030303,0,B
0.223688489677,674313,3.63345068381,0.00312556483641,1.27071477518,,0.0359920334149,0.468697525065,0.432212025826,168.23955312,0.223688489677,0,B
0.231718272654,674314,7.26617670814,0.00328092927157,1.33805785386,,0.0321740287034,0.474022337817,0.441830667948,170.335912454,0.231718272654,0,B
0.226452657895,674315,12.717193825,0.00336885552632,1.25057236842,,0.0278596315789,0.451999526316,0.424335236842,161.009710526,0.226452657895,0,B
0.206600541648,674316,1.96872046976,0.00253822743955,1.30479262494,,0.0740061854628,0.469610577911,0.431218928464,172.144302962,0.206600541648,0,C
0.183658822893,674317,2.00669929652,0.00148621038553,1.25574880003,,0.20325909599,0.470615619165,0.415547987346,251.481335175,0.183658822893,0,C
0.20108979385,674318,1.06724900962,0.0017079326302,1.22069165244,,0.0601260398917,0.467790663657,0.414614840776,211.119736282,0.20108979385,0,D
0.207763964254,674319,6.83811954545,0.00377864099267,1.00494181561,,0.0228478655008,0.354338555998,0.332828905748,128.489623248,0.207763964254,0,C
0.40236409549,674320,30.7258597251,0.0231183534039,1.43003964563,,0.0307567253845,0.451024759446,0.421233539369,123.622068269,0.40236409549,0,B
0.5066,674321,36.41498,0.0435645,1.428,,0.02075,0.42155,0.40065,84.615,0.5066,0,A
0.203894353914,674322,3.5072053285,0.00225756170433,1.24093286658,,0.0253576304728,0.460461159788,0.434874863522,186.660377907,0.203894353914,0,B
0.19045,674323,6.986595,0.004987,1.028,,0.0125,0.36935,0.3568,142.915,0.19045,0,B
0.254317060859,674324,8.30361843204,0.00750129883154,1.30391752877,,0.030724435075,0.481004307425,0.453826006513,190.304092037,0.254317060859,0,B
0.222209804289,674325,2.56953842105,0.00277486476085,1.27996365261,,0.0684923860443,0.468424349474,0.428312967325,192.287581797,0.222209804289,0,C
0.2259,674326,6.77487,0.003819,1.2,,0.0249,0.4251,0.4005,139.71,0.2259,0,C
0.220761376582,674327,2.60260827076,0.00251397475374,1.31230752915,,0.0556289447207,0.458511767252,0.414362927157,208.316257588,0.220761376582,0,D
0.167685149785,674328,0.601178113208,0.00131188200534,1.21897984936,,0.204593823644,0.471692462081,0.413713258075,266.189772393,0.167685149785,0,D
0.171274469847,674329,0.660649417961,0.0008284426609,1.22802323999,,0.269389988558,0.47137375235,0.408932921193,286.252798671,0.171274469847,0,D
0.195742939507,674330,2.70994,0.00198178126622,1.26093040343,,0.129132186462,0.474607273015,0.433938708325,206.759731196,0.195742939507,0,C
0.113239473684,674331,2.04926842105,0.00100058552632,0.73725,,0.0274111842105,0.274282894737,0.264419078947,117.598355263,0.113239473684,0,C
0.19637308964,674332,2.43757630761,0.00161459330391,1.25826951734,,0.037390880912,0.471636214022,0.433375294864,233.831814083,0.19637308964,0,B
0.204136476851,674333,2.22166548491,0.00204868164583,1.23488241875,,0.0444061197724,0.469336617351,0.424337516019,195.254212761,0.204136476851,0,D
0.300720399896,674334,38.5886471465,0.0130431219482,1.33421495952,,0.0779452686896,0.465480361597,0.430668702996,172.097109009,0.300720399896,0,B
0.182089801007,674335,2.95514242663,0.00124821594795,1.31577827023,,0.0980643131928,0.478215682189,0.429440571049,265.603559783,0.182089801007,0,B
0.155518319434,674336,0.902296101411,0.000731789047484,1.20306423257,,0.162067001422,0.474347022311,0.413603370707,307.443149071,0.155518319434,0,C
0.199371614933,674337,4.16409243902,0.00137676220389,1.29976665439,,0.0336607911079,0.474964263966,0.440762139078,254.350174711,0.199371614933,0,C
0.194386804189,674338,4.11093803649,0.00186940109535,1.18582508956,,0.0337612199225,0.45463885603,0.420417601336,191.854947575,0.194386804189,0,C
0.197286236108,674339,3.12811833702,0.00163114881398,1.24718483521,,0.0430827149698,0.476007102234,0.432679077036,241.754638146,0.197286236108,0,C
0.274216287629,674340,24.4741796508,0.00910224146969,1.37398014338,,0.0357886335818,0.464850529909,0.428549103503,157.904404249,0.274216287629,0,D
0.195485383647,674341,1.29733486179,0.00167383844939,1.41911538462,,0.0830968243505,0.477705864998,0.433334127539,223.345755774,0.195485383647,0,C
0.215505447897,674342,2.28558674776,0.00231720282183,1.05,,0.0410794100266,0.474210664336,0.433144834039,194.680620876,0.215505447897,0,B
0.210607901839,674343,5.095498024,0.00257441936915,1.3182688916,,0.0345592330689,0.473201489769,0.437941041812,194.698244572,0.210607901839,0,B
0.279814532872,674344,45.7000221453,0.00554471799308,1.47480311419,,0.0260252595156,0.476578892734,0.451280103806,169.816557093,0.279814532872,0,B
0.196471949475,674345,3.72808956217,0.00174677818741,1.29204325913,,0.0360503189174,0.477472790305,0.440795969231,237.815639398,0.196471949475,0,B
0.23625639485,674346,10.395844245,0.00308821132119,1.39750365387,,0.0209159123072,0.490078315741,0.4698450087,193.720359587,0.23625639485,0,B
0.229121246562,674347,4.2343,0.00286106500693,1.44316215035,,0.0200816131756,0.490277746904,0.470496086385,189.928528146,0.229121246562,0,D
0.208475588854,674348,4.4554048591,0.00184967313694,1.356525279,,0.0374891076481,0.466894772677,0.429034390873,257.50785212,0.208475588854,0,B
0.221994807934,674349,4.92046684615,0.00255758724405,1.19729995005,,0.0330361243595,0.471309396893,0.437976529599,239.89584422,0.221994807934,0,B
0.343925194989,674350,16.6757553512,0.0206254687573,1.39308664494,,0.0369312694538,0.458446842468,0.42846894589,163.957323122,0.343925194989,0,B
0.182756418588,674351,3.29560520365,0.00159546585637,1.33412935721,,0.111376061656,0.479978558452,0.43681616581,261.927327868,0.182756418588,0,C
0.166332448286,674352,1.39022743103,0.00110414328191,1.32551371304,,0.200252845985,0.477730007336,0.42568874713,294.144776554,0.166332448286,0,C
0.168877575202,674353,1.28319842586,0.000755248336199,1.38399273175,,0.0555690478347,0.47220080594,0.41605466211,309.231728002,0.168877575202,0,C
0.167735521415,674354,15.2920755718,0.00272360646479,0.940129641801,,0.0332202623508,0.325893326213,0.293425744879,162.259121755,0.167735521415,0,D
0.188257740843,674355,2.36582974805,0.0012308489739,1.29459121007,,0.0845839587804,0.482090934211,0.442025771078,249.940004203,0.188257740843,0,B
0.19857714585,674356,2.2733127562,0.00111753203284,1.31648177244,,0.0568527916747,0.463459748531,0.417710084471,268.579522522,0.19857714585,0,C
0.174703595949,674357,5.18054953637,0.00138144726004,1.24466867184,,0.0250727318359,0.435459667236,0.409753391717,225.325752891,0.174703595949,0,B
0.216069492298,674358,4.50522563468,0.0019919753177,1.33394138415,,0.0486376544555,0.467144154965,0.427193693641,247.615514147,0.216069492298,0,B
0.207675781894,674359,3.56442207428,0.00218979068677,1.27839398627,,0.0298680388026,0.486210182431,0.456330910838,237.295496122,0.207675781894,0,B
0.242941766823,674360,5.96205177095,0.0034828455467,1.34348503712,,0.0315802416565,0.47074647953,0.439692954163,199.488729706,0.242941766823,0,B
0.179146808013,674361,3.88009775939,0.0016314112141,1.18713221835,,0.0298605285983,0.434219777064,0.40409180903,225.192574663,0.179146808013,0,B
0.163368976794,674362,1.53737203862,0.000821607840597,1.34736319147,,0.15400404209,0.473018293172,0.421628150678,309.604987804,0.163368976794,0,C
0.184065232372,674363,3.916725,0.00271525841346,0.989191826923,,0.0192495138889,0.361939358974,0.34336863515,145.76460203,0.184065232372,0,C
0.223688489677,674364,3.63345068381,0.00312556483641,1.27071477518,,0.0359920334149,0.468697525065,0.432212025826,168.23955312,0.223688489677,0,B
0.17175433098,674365,2.24430448373,0.00109715468746,1.26971906963,,0.0413908177101,0.480358316698,0.438023161491,289.978645361,0.17175433098,0,B
0.236098755574,674366,19.0237746698,0.00794436879701,1.11422300771,,0.0223383602214,0.35171855674,0.329660458635,104.729890824,0.236098755574,0,B
0.189503131673,674367,5.05998278292,0.0071744486121,0.970883985765,,0.0343272953737,0.33570911032,0.301079145907,124.54186121,0.189503131673,0,D
0.233549867337,674368,6.81361022924,0.00290726816315,1.34359376271,,0.025843824982,0.481734386268,0.456331150997,199.528241883,0.233549867337,0,B
0.15403,674369,6.92379961842,0.0013724,0.98132873317,,0.01095,0.36573,0.35478,151.548,0.15403,0,B
0.19518429512,674370,4.05051653962,0.00157989278014,1.19436369672,,0.0819547968384,0.476753728189,0.429925992376,226.968313365,0.19518429512,0,C
0.276268117728,674371,15.5935866473,0.00914641866406,1.36673637254,,0.0469349269949,0.467988496259,0.434049745603,190.961814783,0.276268117728,0,B
0.157432538898,674372,2.32624448927,0.00117198668714,1.08352449648,,0.0306407675106,0.408106393166,0.376738126737,217.934641676,0.157432538898,0,C
0.150207176187,674373,2.53361027334,0.000673387637237,1.17031218637,,0.0373498665964,0.430501542522,0.392113664199,268.677774129,0.150207176187,0,D
0.161423486147,674374,2.35394575757,0.00120389074013,1.14969838068,,0.0468130548908,0.429806669974,0.389135839233,240.961589015,0.161423486147,0,C
0.363046089478,674375,21.6360323105,0.0160427849213,1.34130991439,,0.0335702678818,0.416773198012,0.384477945319,121.299596796,0.363046089478,0,C
0.178089489982,674376,1.23567665116,0.00128346549431,1.25109239844,,0.162046019876,0.470625383186,0.413797264325,254.165840415,0.178089489982,0,D
0.218853985497,674377,1.82936376223,0.00251883277931,1.27893470051,,0.0759941961009,0.468046811389,0.421042585071,208.640989296,0.218853985497,0,D
0.196324289055,674378,1.24936359116,0.00164567715357,1.27854986131,,0.113086020328,0.466868770272,0.409236618951,229.249661116,0.196324289055,0,C
0.184816946331,674379,1.84872185937,0.00179365417984,1.28357591881,,0.126246065821,0.474246812839,0.417726315531,279.801767621,0.184816946331,0,D
0.212582908069,674380,3.54237029466,0.00225367843133,1.30355795665,,0.0274340726002,0.484870467242,0.457148586468,194.348326539,0.212582908069,0,B
0.512936569697,674381,35.22655148,0.0458290527449,1.47916953168,,0.0229268264463,0.444814783471,0.42177837686,98.4391995592,0.512936569697,0,B
0.201823495268,674382,3.14640815385,0.00432756993465,1.05940225777,,0.0288220635122,0.371305091534,0.341294923254,166.414671545,0.201823495268,0,D
0.184829738579,674383,1.699342,0.00194595788342,1.13991810888,,0.0651517288382,0.434210429512,0.391957215652,184.221232192,0.184829738579,0,D
0.189514174105,674384,0.475206997823,0.00167612894569,1.265084557,,0.125399784302,0.46707092299,0.409755541735,239.169462725,0.189514174105,0,D
0.165398274884,674385,1.544656,0.00111860321343,1.0549,,0.068932226762,0.399790568607,0.350862365225,199.787862331,0.165398274884,0,C
0.214941629247,674386,5.14476764121,0.00296932300454,1.2785118042,,0.0649034459405,0.481595485342,0.446545275216,221.728909387,0.214941629247,0,B
0.35811471612,674387,17.55104594,0.0217048220729,1.36376483035,,0.028470074688,0.463672197251,0.435516855569,164.475608513,0.35811471612,0,B
0.161892828092,674388,1.66888805912,0.0014648464651,1.25553242081,,0.255405335769,0.47271619392,0.411777168277,307.301933035,0.161892828092,0,D
0.242491089019,674389,22.9273943242,0.00353609502542,1.3393100695,,0.0231712154668,0.48416962414,0.461580969537,181.159504309,0.242491089019,0,B
0.300989414548,674390,18.8897973684,0.0231777097481,0.930421052632,,0.0255541691307,0.289379420461,0.269503696038,75.7719263749,0.300989414548,0,A
0.21433052319,674391,3.27118927672,0.00259961119836,1.26369348615,,0.0421220392885,0.473367212653,0.437623495722,174.213031915,0.21433052319,0,B
0.175879812854,674392,4.022585,0.00133119336283,1.19191201219,,0.0283473124909,0.458971601625,0.42960559263,237.342960975,0.175879812854,0,D
0.195094481973,674393,5.48951061798,0.00179398131747,1.2705430464,,0.0229681272006,0.464133879251,0.440909948828,221.855099884,0.195094481973,0,D
0.200266479658,674394,4.28335309478,0.00168479449545,1.3346233506,,0.0458391082191,0.480079423864,0.448014814646,245.164904969,0.200266479658,0,C
0.180927244272,674395,6.07238727064,0.00233634849118,1.10943438688,,0.0210070884031,0.386567421126,0.365701262204,164.541120974,0.180927244272,0,D
0.21884176216,674396,5.40978181477,0.00221583126802,1.34873857635,,0.0229138141702,0.486572675332,0.463631627123,213.505712374,0.21884176216,0,B
0.214770579748,674397,7.97672658306,0.00207599381801,1.33485435727,,0.0427949057047,0.472744028305,0.437047553121,238.521047813,0.214770579748,0,C
0.265045708898,674398,11.0547027943,0.00526008403095,1.24062923865,,0.0335706704557,0.415682821482,0.384134633354,148.872575177,0.265045708898,0,D
0.25704723693,674399,9.98368505017,0.00499747371695,1.23816354118,,0.0311174417434,0.419012675052,0.389637561773,152.942097441,0.25704723693,0,D
0.207751694646,674400,4.70177713087,0.00227254098562,1.31336263599,,0.0218929069321,0.470201483876,0.448365020643,206.881277636,0.207751694646,0,D
0.212730468435,674401,5.97626215225,0.00280187441326,1.20674728451,,0.0192500640934,0.440414645526,0.421770750469,174.80371023,0.212730468435,0,D
0.244073044885,674402,6.48395225033,0.00351280088896,1.35139948891,,0.0806895008745,0.461678564825,0.415374623278,219.759782413,0.244073044885,0,D
0.216161019688,674403,5.3470052907,0.00230436937282,1.29247921938,,0.0435888220969,0.441905903015,0.398940628321,220.022597124,0.216161019688,0,C
0.189417838446,674404,9.64679790074,0.00493770900357,1.01545812547,,0.0181616161594,0.362170242341,0.344270212816,146.12482809,0.189417838446,0,D
0.217887675112,674405,9.03613498582,0.00370188918485,1.24560690891,,0.0254055024262,0.430421203027,0.4056311374,178.157172928,0.217887675112,0,D
0.107040193746,674406,5.90163486335,0.00309515052836,0.613751011795,,0.0448746671188,0.200506058854,0.180021832055,100.765875017,0.107040193746,0,D
0.169485422439,674407,2.13913196608,0.000860543819675,1.28521507858,,0.0662425811205,0.475630949745,0.422076617089,297.236835044,0.169485422439,0,C
0.193555834351,674408,5.63051584482,0.00281036679337,1.10614179653,,0.022390390967,0.383881463016,0.362091561064,160.074188991,0.193555834351,0,B
0.217897963583,674409,12.4383583965,0.00294993292011,1.26181352202,,0.0430480062455,0.46013795958,0.417857161993,227.222885716,0.217897963583,0,C
0.208608268984,674410,6.0271993148,0.00175743270461,1.33370621242,,0.03859877644,0.465262798028,0.426303592492,259.513414213,0.208608268984,0,B
0.185579882886,674411,3.6982255492,0.00142276309254,1.21394839455,,0.0423906669128,0.450800953176,0.412158907561,245.560268799,0.185579882886,0,B
0.175059837001,674412,11.3129460989,0.00326445226468,1.03269955208,,0.0623423655019,0.341525717809,0.304789475348,188.363013389,0.175059837001,0,C
0.202765622669,674413,5.59280879261,0.0024280498726,1.27972644676,,0.0304271224089,0.444133069781,0.413290076281,226.680028543,0.202765622669,0,B
0.205313247465,674414,5.17588390595,0.00231822306818,1.30367150067,,0.0690158385468,0.450266668881,0.413505764899,236.98867461,0.205313247465,0,B
0.20086418483,674415,3.43516336243,0.00247223781046,1.24753232868,,0.0671530603786,0.438098520846,0.397309165169,248.724474481,0.20086418483,0,C
0.252172067865,674416,8.96330300886,0.0040021287991,1.29507963417,,0.0327535468859,0.455632567623,0.424126573519,187.632156075,0.252172067865,0,B
0.172678907448,674417,2.66026069827,0.00103522331974,1.26602886125,,0.0601862723474,0.459107112494,0.410761849456,275.582013056,0.172678907448,0,C
0.234776477009,674418,18.8475709463,0.00419055410716,1.18559788085,,0.0295580587765,0.408494407437,0.380320089964,160.261619512,0.234776477009,0,D
0.165820426561,674419,2.11849031875,0.00124947090933,1.23543705478,,0.0503461698976,0.453085403352,0.407777671568,266.688287019,0.165820426561,0,C
0.246882441478,674420,4.34480075955,0.00394370875073,1.33576300037,,0.0298602187339,0.475318828956,0.445945370565,202.984438228,0.246882441478,0,B
0.268384442072,674421,25.7020297731,0.011315032178,1.27289740743,,0.0460860057631,0.449168791221,0.422140309187,182.421263168,0.268384442072,0,D
0.232169570548,674422,8.01433321672,0.00577514173826,1.37695828561,,0.0321657300057,0.479176891913,0.446488255942,225.33561439,0.232169570548,0,C
0.314788480116,674423,14.722128002,0.0163104490673,1.33655536044,,0.0282882223276,0.468783815248,0.440149919801,179.527868349,0.314788480116,0,C
0.206867785364,674424,3.39605287225,0.00250324466174,1.29775157754,,0.0268208533509,0.464960723439,0.437627008231,198.181457307,0.206867785364,0,B
0.145092498936,674425,5.00453273815,0.00178647385797,0.837960992662,,0.0214363269652,0.312496374754,0.291346593061,144.98374444,0.145092498936,0,D
0.218916621991,674426,9.42802500841,0.00472666874153,1.04642468414,,0.0280214845969,0.328117820242,0.301229212633,125.284781136,0.218916621991,0,B
0.235594354353,674427,7.94315603481,0.00609747520477,1.2688724916,,0.047763720417,0.470536280891,0.434796463947,232.425022226,0.235594354353,0,B
0.234596120856,674428,8.56264747686,0.00438454561896,1.21749071722,,0.0318477956885,0.394622598832,0.364624499069,153.22255931,0.234596120856,0,B
0.188832905734,674429,3.57259709133,0.00211448758222,1.15752035654,,0.0219075249943,0.414840227012,0.395204816991,178.836840692,0.188832905734,0,D
0.296757022263,674430,21.496125,0.0140398494434,1.03275478014,,0.0213626808905,0.314999666048,0.29374325603,80.448325603,0.296757022263,0,D
0.237111415893,674431,8.09168480447,0.004534106223,1.27453827088,,0.0238708971334,0.455852729244,0.432307846619,180.346974371,0.237111415893,0,D
0.245009485975,674432,11.6010740457,0.00534788925637,1.22844439584,,0.0340877345923,0.388294707285,0.355498974607,152.625754976,0.245009485975,0,B
0.119623994847,674433,1.94810817141,0.00122422555232,0.857120726314,,0.054230985146,0.285254573047,0.258541298925,148.37442676,0.119623994847,0,D
0.208797317954,674434,4.19747911437,0.0022569493847,1.2935205183,,0.0370294094487,0.459455074102,0.433264246756,209.667969004,0.208797317954,0,B
0.162552111805,674435,0.630829124792,0.000666790748494,1.38690652886,,0.195216322913,0.473946793128,0.408804594301,306.904213962,0.162552111805,0,C
0.220049484838,674436,5.50847368893,0.00239304335709,1.43100705201,,0.0309821422419,0.490921292246,0.468313178066,212.019094717,0.220049484838,0,B
0.229911601941,674437,7.78804028139,0.0046594508673,1.37375979456,,0.0308999492879,0.46650444276,0.435394128416,225.641688721,0.229911601941,0,B
0.258478175009,674438,8.356341462,0.00380985959031,1.44166975679,,0.040872576398,0.454757597418,0.415043260943,213.238402542,0.258478175009,0,B
0.237832136253,674439,5.82992950526,0.00246390544282,1.39601250128,,0.0468728544768,0.444253246318,0.397611069968,248.222849558,0.237832136253,0,B
0.246145862845,674440,7.27540904126,0.00364332871282,1.31419119558,,0.0326137534484,0.462897851184,0.430380275863,173.09955931,0.246145862845,0,B
0.203412069054,674441,3.3704709048,0.00195728874332,1.32065981354,,0.0231981260571,0.463584193624,0.440402223823,210.706130245,0.203412069054,0,B
0.173667740043,674442,17.2717578099,0.00395437657718,1.08090457087,,0.0235736593139,0.354820993398,0.33054799518,178.013092473,0.173667740043,0,D
0.319929584832,674443,18.299978372,0.00827941182176,0.964829363094,,0.0376186977665,0.422327862445,0.385133822549,152.445022483,0.319929584832,0,B
0.246511643227,674444,15.3049449298,0.00636424736837,0.859387918969,,0.0283970082096,0.342209637322,0.315284129265,112.486593378,0.246511643227,0,C
0.329462388805,674445,23.1215121101,0.0104726520591,1.43327789537,,0.0756751080575,0.433792385855,0.393278997053,170.759297178,0.329462388805,0,A
0.267401651818,674446,13.055745,0.00545893459419,1.33337222222,,0.026108212097,0.450854090921,0.425285304228,167.717208647,0.267401651818,0,B
0.256544912069,674447,8.33996277252,0.00419017536255,1.32681892654,,0.0393568175668,0.418833351187,0.381360646479,184.311804205,0.256544912069,0,B
0.173785460411,674448,2.81338069635,0.00190761304222,1.18336800762,,0.0353703299625,0.4028591447,0.368490645766,218.249654261,0.173785460411,0,B
0.174206582538,674449,3.87895265211,0.00172959798931,1.15520235822,,0.0268676915949,0.411223003962,0.386178841804,204.824218011,0.174206582538,0,B
0.250399074623,674450,11.3804825701,0.00607801494602,1.31064002347,,0.0262319530376,0.454783345193,0.430527725286,185.254683008,0.250399074623,0,B
0.200329473299,674451,6.17679028967,0.00286270990651,1.30237422711,,0.0476594291501,0.469416756388,0.421466590081,275.43797164,0.200329473299,0,C
0.26904427257,674452,9.76773690679,0.00529726768373,1.40138800049,,0.0408313602896,0.471873136737,0.441325789112,184.562611805,0.26904427257,0,B
0.215038172772,674453,5.79521000167,0.00263172302419,1.27152812862,,0.0345895636711,0.450487678736,0.416726158241,215.231062714,0.215038172772,0,D
0.18445579168,674454,3.01473770436,0.00114244504344,1.36278159458,,0.042897778473,0.445773450803,0.401945080082,281.773003822,0.18445579168,0,B
0.303319362748,674455,19.1509415583,0.0105188553782,1.22997694229,,0.0306459708123,0.466205426608,0.43514817687,170.900777284,0.303319362748,0,B
0.198663426425,674456,6.81711662251,0.00214075948999,1.22075772329,,0.03503319955,0.440567735497,0.405532086667,218.115963409,0.198663426425,0,B
0.156068836947,674457,6.96617860256,0.00362872902177,0.819771139444,,0.0170619609553,0.286883235188,0.270951188592,116.529491552,0.156068836947,0,C
0.285083760377,674458,12.2600194149,0.0115912594806,1.39061014459,,0.0337570898639,0.458453855026,0.424521192271,203.695820986,0.285083760377,0,B
0.165802886315,674459,0.983189653857,0.000987437447229,1.30098892707,,0.169796539237,0.474848675101,0.42854151707,280.563147016,0.165802886315,0,C
0.181261182336,674460,3.2898582716,0.0012530477208,1.09268993352,,0.0323981718898,0.362192948718,0.329737606838,196.977217474,0.181261182336,0,D
0.188158115942,674461,3.35606444444,0.00114208202899,1.34266425121,,0.0321349516908,0.477460652174,0.444421304348,269.011371981,0.188158115942,0,C
0.196128067633,674462,3.32679892593,0.00118225285024,1.35256247987,,0.130309138486,0.467014130435,0.42710826087,268.761133655,0.196128067633,0,B
0.250451693719,674463,9.76933672724,0.00422500098095,1.2642116544,,0.0468643966126,0.456571284404,0.409183846154,186.520313691,0.250451693719,0,B
0.239714751965,674464,12.3114899335,0.00501816000928,1.15435343309,,0.0951059228833,0.400930251308,0.360071444478,198.638136064,0.239714751965,0,D
0.15943277592,674465,7.60545423077,0.00294612742475,0.753753065775,,0.0227651895206,0.244322826087,0.221376421405,115.47477146,0.15943277592,0,D
0.143372866797,674466,1.15447614127,0.000929772550745,1.12699317585,,0.2009273299,0.429213504613,0.38973263997,257.136503497,0.143372866797,0,D
0.195272,674467,5.27547387895,0.00262508926316,1.13238421053,,0.0317232631579,0.372467210526,0.341461894737,171.932763158,0.195272,0,B
0.112099081081,674468,1.97866981081,0.000483479567568,0.840505405405,,0.0275018918919,0.28014,0.251947459459,181.11552973,0.112099081081,0,B
0.17955,674469,8.892009,0.0034146,0.882,,0.02037,0.29547,0.27636,105.168,0.17955,0,D
0.13025,674470,4.841208,0.0008389,0.812,,0.02483,0.24863,0.2238,138.948,0.13025,0,B
0.0988476923077,674471,5.856362,0.00214875538462,0.484976923077,,0.0155361538462,0.15583,0.139943846154,81.0900769231,0.0988476923077,0,D
0.11376,674472,10.16232,0.0040728,0.372,,0.0084,0.10488,0.09624,20.856,0.11376,0,D
0.218741538462,674473,16.5333129231,0.00654189230769,0.741461538462,,0.0243830769231,0.2295,0.204743076923,79.1432307692,0.218741538462,0,D
0.305580352564,674474,13.9264954615,0.00545995865385,1.38399863099,,0.0536379273504,0.421756666667,0.368576399573,212.417087607,0.305580352564,0,B
0.327929238754,674475,33.7256721203,0.00811388362523,1.39224096353,,0.0431624966729,0.442482491349,0.399520992813,183.068781475,0.327929238754,0,D
0.0700425,674476,4.6577245,0.001681625,0.31075,,0.006545,0.10274,0.0963875,34.001,0.0700425,0,D
0.219564237288,674477,12.787572,0.00456854338983,1.088,,0.0221040677966,0.36942440678,0.347638813559,142.34,0.219564237288,0,D
0.37446,674478,19.33662,0.0134063,1.2145,,0.02765,0.34523,0.31679,68.651,0.37446,0,B
0.1136,674479,1.990121,0.0006283,0.616,,0.02666,0.19736,0.1707,124.656,0.1136,0,D
0.152115384615,674480,12.4748992308,0.00496842307692,0.492115384615,,0.0142807692308,0.15055,0.135980769231,42.3473076923,0.152115384615,0,D
0.211,674481,7.8899,0.00188,1.3521,,0.015,0.501,0.486,207.6,0.211,0,B
0.259249230769,674482,19.5950375385,0.00775335384615,0.878769230769,,0.0288984615385,0.272,0.242658461538,93.7993846154,0.259249230769,0,D
0.25552,674483,6.90634821053,0.00321006736842,1.42915789474,,0.0474773684211,0.445747894737,0.399191052632,224.081368421,0.25552,0,B
0.226843076923,674484,17.1456578462,0.00678418461538,0.768923076923,,0.0252861538462,0.238,0.212326153846,82.0744615385,0.226843076923,0,D
0.233436413212,674485,4.17973664954,0.00166665750671,1.30609458244,,0.0516621162755,0.438222147973,0.386706119323,254.927190308,0.233436413212,0,C
0.198639372072,674486,4.23221992946,0.00223449489808,1.42799316147,,0.050730732069,0.471498854483,0.420875965502,274.102830798,0.198639372072,0,C
0.221303566043,674487,6.03077696457,0.0031859130384,1.42730158227,,0.0538889966983,0.465311987198,0.412209433584,257.571117537,0.221303566043,0,C
0.223827723501,674488,7.22208174659,0.00284519635328,1.41177221519,,0.0356615304081,0.47092632661,0.435079012628,241.317741629,0.223827723501,0,B
0.313805491969,674489,15.3910310213,0.00734989515636,1.416920237,,0.0299277728937,0.467484111581,0.438551081713,156.346225134,0.313805491969,0,B
0.131657479046,674490,10.4352239936,0.00218034590587,0.646107446809,,0.0138152858371,0.238818885665,0.225706033742,89.8314195143,0.131657479046,0,B
0.206334855658,674491,3.662665,0.00229176096721,1.29249963372,,0.0273100019594,0.480470915322,0.452259395539,188.409868985,0.206334855658,0,B
0.152514698119,674492,1.23281750774,0.000743389824199,1.016265625,,0.0927246586772,0.412139029126,0.367854074636,238.243828732,0.152514698119,0,D
0.222051679823,674493,4.87516551563,0.00283341948854,1.25917855753,,0.0291057293469,0.47912266436,0.449846787413,189.755493782,0.222051679823,0,B
0.273382610966,674494,10.5272902872,0.00455756814621,1.43717284595,,0.034875926893,0.463687519582,0.430371122715,184.673556136,0.273382610966,0,B
0.151959921671,674495,4.83929609138,0.00176619895561,0.917436814621,,0.0125305221932,0.331090574413,0.318846266319,133.272313316,0.151959921671,0,B
0.218422697299,674496,10.2648949784,0.00347535163252,1.20367060013,,0.0252733973284,0.400773616673,0.376262139684,150.308056167,0.218422697299,0,B
0.14137,674497,2.836981,0.0012596,0.8905,,0.01005,0.33567,0.32562,139.092,0.14137,0,D
0.214507692308,674498,6.2103,0.00186212723493,1.35575883576,,0.0292162162162,0.477016216216,0.447663409563,234.694261954,0.214507692308,0,D
0.15403,674499,3.091039,0.0013724,0.9575,,0.01095,0.36573,0.35478,151.548,0.15403,0,B
0.354487591521,674500,23.3671650765,0.0154607973527,1.44628772613,,0.0730205990084,0.458354438078,0.42366731076,159.396606973,0.354487591521,0,A
0.203021323516,674501,2.92224788732,0.00189454691933,1.26219307958,,0.0383153759965,0.477565814867,0.439005001546,230.075380487,0.203021323516,0,B
0.26268,674502,18.630909,0.0079728,0.9669,,0.02508,0.2937,0.26928,77.055,0.26268,0,B
0.22230125,674503,17.57233025,0.0051036625,1.019375,,0.0226375,0.33033,0.30867875,110.41825,0.22230125,0,D
0.2367875,674504,14.8200275,0.004756375,1.12025,,0.027925,0.3714,0.3453125,128.7175,0.2367875,0,D
0.272667627119,674505,65.1567647288,0.0086444,1.00402542373,,0.0224988135593,0.300773728814,0.278255932203,77.4233220339,0.272667627119,0,B
0.111008336192,674506,1.70441824528,0.000845615403087,0.804122855918,,0.0124090265866,0.281402251286,0.268684502573,136.546605489,0.111008336192,0,D
0.170968479267,674507,1.17005113563,0.000627337532266,1.182368,,0.0781802537399,0.469386149104,0.411245547009,290.142185632,0.170968479267,0,B
0.17366,674508,7.904008,0.0037078,0.784,,0.0214,0.25656,0.23666,85.756,0.17366,0,B
0.169024854369,674509,2.17099367961,0.000687243886699,1.0305,,0.104768252427,0.342679029126,0.286491262136,236.357563107,0.169024854369,0,D
0.238987650131,674510,9.52613274151,0.00321886866841,1.38070443864,,0.0215556657963,0.488897232376,0.468097989556,192.219399478,0.238987650131,0,D
0.209026765984,674511,2.23664559367,0.0027591788196,1.28027068881,,0.0773541176544,0.467010330174,0.426714720504,176.243726189,0.209026765984,0,D
0.28341,674512,38.46155,0.0059711,1.41,,0.02156,0.48212,0.46049,173.765,0.28341,0,D
0.195444175788,674513,2.59656952855,0.00152205649553,1.24790840983,,0.0732337808513,0.477275485992,0.438890880551,241.181087551,0.195444175788,0,B
0.20326995084,674514,1.29834279661,0.00244398242338,1.24917456512,,0.0709587348253,0.465275086637,0.419518560873,178.994329549,0.20326995084,0,D
0.0798,674515,3.952004,0.0015176,0.42,,0.00905333333333,0.13132,0.122826666667,46.7413333333,0.0798,0,D
0.1254,674516,6.210292,0.0023848,0.66,,0.0142266666667,0.20636,0.193013333333,73.4506666667,0.1254,0,D
0.2105875,674517,10.726868,0.003831575,1.0938,,0.023165,0.35904,0.3372325,130.1735,0.2105875,0,D
0.214727667922,674518,8.29477024181,0.00381038983954,1.34188305757,,0.0315600945029,0.471401696438,0.439635121037,235.243374679,0.214727667922,0,B
0.150169414901,674519,0.734734788536,0.00052748470755,0.852424209576,,0.0790315568192,0.476680631011,0.411514316811,329.675728871,0.150169414901,0,C
0.178204656423,674520,4.66328313658,0.00199265099743,1.31294031742,,0.0581746873853,0.4779651275,0.427324091768,274.384206556,0.178204656423,0,C
0.214270325523,674521,2.80127917715,0.00279659246278,1.29322291782,,0.033196365413,0.442824659054,0.409396823999,206.850620869,0.214270325523,0,B
0.20388569194,674522,4.43711231689,0.00264564879463,0.869862631638,,0.0591120445344,0.383174089069,0.347460990983,170.389849098,0.20388569194,0,B
0.234840325198,674523,8.69881058844,0.00374923683755,1.15808931736,,0.0308603416254,0.474278243625,0.443568745565,221.003769112,0.234840325198,0,B
0.22185052971,674524,7.44772848468,0.00315630210819,1.07863337344,,0.032435198096,0.477675036261,0.445177982114,226.892860599,0.22185052971,0,B
0.209321208329,674525,8.98252294682,0.00379347571758,1.0174177418,,0.0429873711172,0.477745950288,0.434410035748,261.821896305,0.209321208329,0,B
0.27690559043,674526,10.0664561363,0.00644889903412,1.43566787243,,0.0411164740152,0.451439526454,0.410213932917,217.59705193,0.27690559043,0,B
0.274902406543,674527,12.3112357169,0.00565754334716,1.33708157943,,0.031331187152,0.440827866721,0.410020296912,174.783112358,0.274902406543,0,B
0.20793691105,674528,6.81846525882,0.00301685181258,1.37690746796,,0.133261794175,0.465610626699,0.409585945392,281.818798778,0.20793691105,0,C
0.343821041537,674529,22.3322493611,0.0112878023736,1.33974301826,,0.0380418505824,0.428392441654,0.391105193582,141.086176363,0.343821041537,0,B
0.319722434741,674530,17.5809764286,0.00778389705743,1.40419387755,,0.0296696464167,0.466804349786,0.437858889416,155.515802088,0.319722434741,0,B
0.174386986997,674531,4.01759890212,0.00197500599218,1.14248818646,,0.180912108422,0.423473663786,0.371541744074,251.377286708,0.174386986997,0,D
0.272019318182,674532,11.644305,0.00567323863636,1.2365,,0.0319011363636,0.415428409091,0.385311363636,145.591363636,0.272019318182,0,D
0.060517961165,674533,1.70553905405,0.000990387300892,0.319608108108,,0.0337371687221,0.116399304644,0.104113119916,56.0697008659,0.060517961165,0,D
0.097925,674534,6.56316,0.00247125,0.425,,0.00845,0.1403,0.131975,45.635,0.097925,0,D
0.0474,674535,4.2343,0.001697,0.145,,0.0035,0.0437,0.0401,8.69,0.0474,0,D
0.379772916667,674536,55.89274,0.0129938125,1.36363194444,,0.0315986111111,0.455433333333,0.424232638889,129.294027778,0.379772916667,0,B
0.2819,674537,15.666895,0.0070055,1.2035,,0.02845,0.39145,0.36415,124.87,0.2819,0,B
0.238332291667,674538,6.64135648649,0.00404405287162,1.23730283408,,0.0258208521021,0.428632657658,0.404111326952,162.349731607,0.238332291667,0,D
0.245394785966,674539,11.0331874324,0.00393385341014,1.37576486486,,0.0775607809332,0.477140507323,0.442579999046,207.304782567,0.245394785966,0,D
0.189329190751,674540,3.59915,0.00162894219653,1.24958959538,,0.0220576589595,0.466642630058,0.444183526012,226.001213873,0.189329190751,0,B
0.171583541245,674541,1.99796856481,0.00095617538552,1.24600633615,,0.0577246984256,0.481061450357,0.423330331382,294.442971609,0.171583541245,0,C
0.135251488744,674542,4.6995195216,0.00100690904264,0.886189614784,,0.0181639887436,0.344965885984,0.326514025054,170.413378722,0.135251488744,0,D
0.119175,674543,3.28158,0.00114195,0.828,,0.0175125,0.2899125,0.2721,150.96,0.119175,0,D
0.370330273928,674544,20.3625335952,0.0148913209735,1.29854594685,,0.0329527547708,0.454664255756,0.422199377296,144.362876469,0.370330273928,0,B
0.213922400594,674545,3.41984237371,0.00226903965481,1.2984799027,,0.0373965148818,0.441125978324,0.403931382668,228.973759377,0.213922400594,0,B
0.201555576305,674546,3.04518173364,0.00162723356937,1.37590260722,,0.0388814458864,0.470613299278,0.431359454722,263.173787557,0.201555576305,0,B
0.462985,674547,28.440375,0.03840741,,,0.02787,0.44146,0.41352,136.058,0.462985,0,A
0.279550980871,674548,14.5749787722,0.010094677531,1.38510345501,,0.0390454567636,0.473935731017,0.434580699785,216.22209838,0.279550980871,0,B
0.192335228123,674549,4.76564873415,0.00318499706563,1.40373741592,,0.0408741279097,0.474095402355,0.432057161915,272.147127696,0.192335228123,0,B
0.289076139762,674550,17.138702648,0.00977743084907,1.37360588258,,0.0314848783498,0.466345541245,0.435489891506,191.761314192,0.289076139762,0,B
0.226602809619,674551,9.60315668206,0.00364602061077,1.22720649877,,0.0280712022921,0.424359713834,0.396529701066,188.268861883,0.226602809619,0,D
0.217306387575,674552,6.20962128764,0.00308354362294,1.22122511187,,0.0236748974381,0.430048431627,0.406608227983,171.381589028,0.217306387575,0,D
0.227897007008,674553,22.5116866088,0.00422047226879,1.17788610568,,0.0348915905404,0.388877119842,0.355129364943,173.935306595,0.227897007008,0,D
0.204777447566,674554,18.7729535317,0.00394283252609,1.02112173592,,0.0304909119657,0.342717813211,0.313285883319,149.189971207,0.204777447566,0,D
0.182828119021,674555,10.8763320454,0.00232281830843,1.05541962765,,0.0296508872849,0.377631702877,0.34836228595,181.899857259,0.182828119021,0,D
0.115675519667,674556,2.03481041667,0.000887197537576,0.804464098532,,0.015430174022,0.293625819476,0.277802710265,144.1248966,0.115675519667,0,D
0.224254218456,674557,4.47101264716,0.00256180716725,1.33498567165,,0.025788461228,0.482540030607,0.456929707169,213.518902435,0.224254218456,0,D
0.227132945875,674558,7.24955361913,0.0022624197324,1.34579079498,,0.0313906008771,0.471486349652,0.440281271116,226.014741682,0.227132945875,0,B
0.167320877708,674559,2.5802314984,0.00134548913378,0.759240070676,,0.0548917726202,0.406283081363,0.374449315618,213.655444533,0.167320877708,0,B
0.168689710409,674560,2.10824309763,0.000926908061042,1.31026633029,,0.0520800783488,0.478859067284,0.426269167045,301.408705181,0.168689710409,0,C
0.180178563176,674561,3.92132403727,0.00138639146548,1.08813819876,,0.0341692394841,0.418337229715,0.38335009319,229.68566899,0.180178563176,0,B
0.190081479304,674562,4.56905542917,0.00236299236283,1.18842166509,,0.0313116675957,0.429069773443,0.397483337001,199.844857275,0.190081479304,0,B
0.20933349289,674563,5.29842278141,0.0028266207011,1.13125280065,,0.0440355465715,0.415809188689,0.372427935382,204.68835425,0.20933349289,0,C
0.240540110097,674564,10.5171744738,0.00282430881442,1.10430950236,,0.0398713824028,0.465098045065,0.425991252147,211.385629971,0.240540110097,0,C
0.193684781844,674565,4.91493875651,0.00257585863035,1.09688741169,,0.0313173793332,0.367855639457,0.336988211752,181.644346699,0.193684781844,0,B
0.205962793595,674566,6.33635790598,0.00157395786926,1.07269140801,,0.0344750510364,0.477975460772,0.4432797476,229.598508076,0.205962793595,0,B
0.202695058537,674567,4.17348283646,0.00163537612166,0.900094999204,,0.0443149593371,0.469277223422,0.424785677858,252.419979506,0.202695058537,0,C
0.205555509835,674568,2.61755657812,0.00182201950416,1.02689085272,,0.0440007094785,0.469387559058,0.425366224408,261.042366352,0.205555509835,0,B
0.213816212252,674569,4.73772120372,0.00185437346955,1.35474056649,,0.046382099834,0.452707232962,0.405912037466,254.028640681,0.213816212252,0,B
0.216543297379,674570,7.56851054178,0.00481714691439,1.34055842008,,0.044736876828,0.478175955704,0.433030319863,262.552188171,0.216543297379,0,C
0.192001172145,674571,3.0324574593,0.00147245456719,1.30797907259,,0.0543932526191,0.462018655133,0.407354777511,290.826018156,0.192001172145,0,C
0.24444418172,674572,14.3067029595,0.00591119597014,1.2549848962,,0.0374942496994,0.418729612089,0.380871788309,195.953604056,0.24444418172,0,B
0.235524125386,674573,8.42919828861,0.00519120420224,1.38842419639,,0.036843838283,0.472655566176,0.43536472615,231.300709519,0.235524125386,0,B
0.178706543645,674574,2.36038181468,0.00119622160088,1.31907806384,,0.0783497735773,0.480130861711,0.43461690796,267.725244845,0.178706543645,0,C
0.218592426081,674575,5.73781961129,0.00315236528061,1.3909655011,,0.0249960332877,0.489123426818,0.463865024068,213.603365278,0.218592426081,0,D
0.257223720784,674576,9.65092705054,0.00806058907232,1.36506618525,,0.0269588323587,0.478975880919,0.451871276242,195.192087072,0.257223720784,0,D
0.197173690111,674577,8.30200855019,0.00344980236344,1.02969230769,,0.0273817840501,0.401145074534,0.372971441247,173.237238803,0.197173690111,0,D
0.209271017166,674578,5.37567148026,0.00203188963446,1.40541078337,,0.0263941599281,0.485372662789,0.458791916111,228.572678158,0.209271017166,0,B
0.255518644591,674579,12.8265146285,0.00391872198684,1.44659490076,,0.0391700955662,0.461719503511,0.423480743717,210.263767879,0.255518644591,0,B
0.197650138977,674580,3.54439529811,0.001611904413,0.993552454521,,0.0402571137907,0.474643614866,0.434112911928,264.946203574,0.197650138977,0,C
0.233781025097,674581,9.75396260833,0.00405805928884,1.33633805729,,0.0388476900254,0.477570867167,0.446572685716,224.379209587,0.233781025097,0,C
0.262887597884,674582,10.4167423684,0.00970842055098,1.24790781198,,0.0281908633313,0.419681890711,0.392098377104,164.656876128,0.262887597884,0,B
0.185207876433,674583,2.519612338,0.00167829628076,1.20659449567,,0.0436880520914,0.417792065447,0.374101901984,240.586529298,0.185207876433,0,C
0.18559884292,674584,3.64115980287,0.00199146350005,1.15407500899,,0.0252301627124,0.408200856881,0.383014069859,186.695759785,0.18559884292,0,B
0.178104904869,674585,4.93320763275,0.00130274475573,1.27959252703,,0.0472017181277,0.480403969521,0.432730408412,275.330202122,0.178104904869,0,C
0.185254207776,674586,3.46457232735,0.00137027222632,0.871114216903,,0.0546031908951,0.483167067988,0.440200224486,265.979982755,0.185254207776,0,C
0.188699425556,674587,2.69478419278,0.00145884768126,1.34821716603,,0.0527208206159,0.482253255607,0.444887582831,266.663380861,0.188699425556,0,C
0.270939518467,674588,9.7032644087,0.00807619317003,1.34312637425,,0.0389953254195,0.463357005442,0.424747311192,213.425650213,0.270939518467,0,C
0.161789778382,674589,1.37441056043,0.000690322194452,1.32641663291,,0.0540869295775,0.478915857291,0.424185654005,309.514212781,0.161789778382,0,C
0.254723302649,674590,8.37535693308,0.00414206957239,1.36147275196,,0.0358924804576,0.467855104078,0.433052229292,201.229736343,0.254723302649,0,B
0.236841779964,674591,5.94067178755,0.00312147375671,1.41950288813,,0.0332256722251,0.470529888513,0.437818828052,219.809529048,0.236841779964,0,B
0.214709399353,674592,8.19956555556,0.00453896191499,1.00969496098,,0.026011533663,0.31958128078,0.294671860954,116.994006117,0.214709399353,0,B
0.163316208581,674593,2.12243924802,0.00141325662947,0.98426263351,,0.0328025081487,0.403637439752,0.370287800024,224.492530348,0.163316208581,0,B
0.171606829373,674594,2.43382158822,0.000963342739045,1.28549470242,,0.0391889775389,0.485139110765,0.445134637551,286.578505853,0.171606829373,0,C
0.14715696674,674595,2.04769050256,0.000695725978603,1.16400729694,,0.0480425918559,0.42707728436,0.378303701869,282.021671224,0.14715696674,0,C
0.222556474955,674596,5.73757032308,0.00328897992665,1.26854552773,,0.0289520960048,0.424612189624,0.396429649076,185.829972391,0.222556474955,0,B
0.126001175241,674597,1.604016104,0.000947808906537,0.699999944432,,0.0245864731193,0.307036929679,0.282037624037,176.105302332,0.126001175241,0,D
0.26065473219,674598,9.0205271445,0.00524075226013,1.23297270438,,0.0306974241945,0.418332516373,0.388991350654,156.46183864,0.26065473219,0,B
0.173185943161,674599,3.8252306535,0.00224048026985,0.950012479781,,0.0261663322901,0.322380974515,0.296711555302,152.290166922,0.173185943161,0,B
0.248302657437,674600,9.18114904758,0.00435379613656,1.33401790992,,0.0335145889318,0.442814132271,0.41010696209,193.515771601,0.248302657437,0,B
0.252598179362,674601,7.43242743372,0.00390689385426,1.25284495175,,0.0370237284199,0.465483735881,0.429479447593,209.476244808,0.252598179362,0,B
0.170478702576,674602,1.96477666751,0.00125332886381,1.0969222088,,0.0483399769977,0.475721704426,0.426341713993,275.25821237,0.170478702576,0,C
0.171702737547,674603,8.91140677414,0.00216582163812,1.05268253237,,0.0307255036208,0.376907302685,0.345782410029,184.314361678,0.171702737547,0,D
0.17284938285,674604,7.77710664335,0.00256556994798,1.07769194904,,0.0334805195627,0.376422142405,0.34256178097,177.99514358,0.17284938285,0,C
0.194958761287,674605,3.3232667093,0.00165020133296,1.33803320159,,0.031021320873,0.477535784532,0.445654044656,249.190253746,0.194958761287,0,D
0.174104185014,674606,2.72968184593,0.00106399255356,1.32003586837,,0.0418755084527,0.479081971492,0.436352910878,290.683819031,0.174104185014,0,C
0.180062946348,674607,3.10779967425,0.00156955088344,1.08154184843,,0.0287833156826,0.403114266982,0.374231883947,205.366375393,0.180062946348,0,D
0.218094462282,674608,4.45438238112,0.00215911878634,1.2255614771,,0.0367133596387,0.47185374706,0.435287733894,240.402377055,0.218094462282,0,B
0.206180732783,674609,5.06206310635,0.00435091445863,1.34322196675,,0.0405144032728,0.473712127453,0.432421194716,241.249023745,0.206180732783,0,C
0.230350113783,674610,9.05121312858,0.00494389128362,1.29137930233,,0.0333543927375,0.475719673997,0.442391621479,234.426951043,0.230350113783,0,B
0.188152439024,674611,6.35144,0.00255759349593,1.12466666667,,0.0174699186992,0.389200813008,0.372041463415,146.811178862,0.188152439024,0,D
0.223693325868,674612,7.1204352952,0.006283517295,1.23820524591,,0.031999351339,0.451389292037,0.419225894317,225.198857156,0.223693325868,0,D
0.184588309929,674613,4.1656501665,0.00209600105794,1.1519863528,,0.0312814287074,0.401642861809,0.370386958896,197.461162532,0.184588309929,0,B
0.223188984763,674614,4.9428392945,0.00272571443092,1.10460468344,,0.0340960205124,0.475707971112,0.441864898273,224.339880874,0.223188984763,0,B
0.170379242004,674615,3.14597347692,0.00171596083442,0.938223076923,,0.0209097190262,0.388211603992,0.367139800809,165.378830283,0.170379242004,0,D
0.165496051659,674616,2.43974543314,0.000880686880871,1.26622446806,,0.0660915836945,0.481163412044,0.439506651612,293.774002818,0.165496051659,0,C
0.220322282064,674617,4.58971411503,0.00223833770558,1.35617942687,,0.0384654413563,0.466743995866,0.428362040298,242.38732917,0.220322282064,0,B
0.197704336815,674618,9.33400643248,0.00253097192659,0.959529181929,,0.0336690431077,0.398084794597,0.36485252656,182.580784622,0.197704336815,0,B
0.187922024639,674619,2.31017943561,0.00140389102337,1.28423410332,,0.0566303089481,0.474081089678,0.429796916142,278.20551137,0.187922024639,0,C
0.209613274062,674620,3.82890380809,0.00210424434351,1.35385862524,,0.0395231021605,0.469703641459,0.430045907445,254.375037457,0.209613274062,0,B
0.177224232293,674621,1.98762270174,0.00122199356286,0.790667325249,,0.0403204165538,0.478251189273,0.437007801008,281.122217616,0.177224232293,0,C
0.199823170867,674622,2.787268138,0.00225332685506,1.26974973282,,0.136208768763,0.468820057014,0.414903718174,254.233107086,0.199823170867,0,B
0.27001718031,674623,21.2150687129,0.00831628464649,1.22020657277,,0.0460757216567,0.467714433133,0.422798019802,199.314394087,0.27001718031,0,B
0.149833333333,674624,0.0,0.000347979666432,,,0.252875586854,0.472889671362,0.400166666667,325.20915493,0.149833333333,0,D
0.154825702035,674625,0.281183953488,0.000454817593795,0.864657711752,,0.25485518584,0.474402937438,0.41015025192,313.344715585,0.154825702035,0,D
0.252874132988,674626,11.2343727861,0.00661749288315,1.40152944576,,0.0368727264656,0.465867947824,0.428735027031,175.284368195,0.252874132988,0,B
0.229543664913,674627,6.27198782464,0.00924565271598,0.721558181461,,0.123326048175,0.445081451995,0.391934346975,217.129318689,0.229543664913,0,D
0.270118371579,674628,11.6599855151,0.00548182661713,1.34331213873,,0.0404099819293,0.461838133946,0.421275411357,160.54902616,0.270118371579,0,C
0.365662964492,674629,20.5157810542,0.0144464793559,1.47962840628,,0.0291698596201,0.456033856317,0.42654793559,120.860429397,0.365662964492,0,B
0.396161381476,674630,48.6120722606,0.025982299529,1.43534065934,,0.0437569858713,0.445425274725,0.401777237049,163.085117739,0.396161381476,0,B
0.354487591521,674631,23.3671650765,0.0154607973527,1.44628772613,,0.0730205990084,0.458354438078,0.42366731076,159.396606973,0.354487591521,0,A
0.405084422097,674632,24.0201618368,0.0276860904125,1.38451551521,,0.032612850986,0.452418639154,0.420727893431,145.228593183,0.405084422097,0,B
0.315560769048,674633,18.465738386,0.0087114636373,1.41969120156,,0.0538512721038,0.458866214768,0.421883176285,175.560185022,0.315560769048,0,D
0.287746890368,674634,15.0714185124,0.00656728109482,1.39679916203,,0.0289881081104,0.472157185115,0.444282937265,167.457901816,0.287746890368,0,B
0.269952970083,674635,14.5256730294,0.00527886385447,1.45667128251,,0.0291630470225,0.470057914307,0.44127468152,162.311799048,0.269952970083,0,B
0.233778235294,674636,3.08355311765,0.00356946980392,1.3185,,0.0321949019608,0.469853921569,0.437360588235,156.010862745,0.233778235294,0,B
0.207024696484,674637,9.7564827575,0.00329645970055,1.14506182469,,0.0229637918664,0.403000058798,0.380446186724,169.634342891,0.207024696484,0,D
0.241272727273,674638,4.75487884972,0.00332818181818,1.37769944341,,0.0220909090909,0.487909090909,0.466636363636,190.963636364,0.241272727273,0,D
0.202469476097,674639,5.54591505346,0.00214396792037,1.23507941202,,0.0195243807821,0.445410725597,0.426097949782,190.145051704,0.202469476097,0,D
0.146037956204,674640,0.4234,0.000507870586277,1.21883211679,,0.0810788321168,0.474575182482,0.393462773723,338.596058394,0.146037956204,0,D
0.1995675839,674641,2.70801470494,0.00339772841005,1.10474006616,,0.152634263711,0.465129012397,0.404805247686,260.230011092,0.1995675839,0,D
0.210455087085,674642,3.0266572638,0.00420640333024,1.29395989565,,0.107750922115,0.465169049923,0.415378519418,201.983859188,0.210455087085,0,C
0.185858078911,674643,0.629742909091,0.0012366897518,0.676267901235,,0.139845779548,0.46144670745,0.39775652756,259.663661885,0.185858078911,0,D
0.237508780009,674644,13.704126429,0.00861131302036,1.18776955672,,0.0513269656169,0.395805925704,0.36070071899,186.368507251,0.237508780009,0,B
0.327924974523,674645,15.5602084163,0.0199592158297,1.36385560039,,0.0581164827461,0.460564563027,0.421857862772,171.961707733,0.327924974523,0,A
0.384586453647,674646,40.1653407143,0.0214141087285,1.39228409175,,0.0265148449984,0.459666733043,0.433592062468,140.355977211,0.384586453647,0,B
0.240624776288,674647,9.76619157279,0.00376252028678,1.3443678502,,0.0234841346917,0.480849643342,0.457271929826,172.586286819,0.240624776288,0,C
0.259473018914,674648,22.3556151876,0.00657786953902,1.38258547725,,0.044169813892,0.469552533427,0.434607997584,212.739169481,0.259473018914,0,B
0.425916496608,674649,81.9550000715,0.0322696889844,1.49361953677,,0.0219561007361,0.459814076469,0.438249396992,130.443638558,0.425916496608,0,B
0.238632008645,674650,19.4661427719,0.0054246786755,1.42382764626,,0.0209754336744,0.487532840228,0.46641280997,199.551869675,0.238632008645,0,B
0.21920711126,674651,12.0831429816,0.00397244976755,1.34090565581,,0.0278669874752,0.478583386842,0.449903919867,206.039448035,0.21920711126,0,B
0.225371019536,674652,12.4433848582,0.00508920024503,1.28991523097,,0.0358720555333,0.443710033077,0.412639616654,195.757612884,0.225371019536,0,B
0.205378808088,674653,4.022585,0.00209832734687,1.3016957636,,0.0175302225809,0.470936755586,0.453519148755,199.139429105,0.205378808088,0,D
0.165251960784,674654,2.00504970588,0.00088152549902,1.25998366013,,0.055064379085,0.452020588235,0.396741176471,267.773398693,0.165251960784,0,D
0.243373849181,674655,5.99365398978,0.00376245955621,1.34329727696,,0.0312477863515,0.474800166044,0.444296349838,206.204418577,0.243373849181,0,B
0.177747691477,674656,1.73326292086,0.000853445360145,1.33400470186,,0.0512935777854,0.46904018688,0.417137605114,298.856497271,0.177747691477,0,C
0.170174025206,674657,10.5619034732,0.00450735643898,0.841185686549,,0.0291579143848,0.260329857857,0.231526187439,134.932618223,0.170174025206,0,D
0.298309133447,674658,20.010769582,0.0154422472726,1.11222629596,,0.041753175869,0.468887185894,0.437928939387,164.679131194,0.298309133447,0,C
0.148156561166,674659,5.786865,0.00270850160028,0.762354196302,,0.0167863798009,0.258163086771,0.242014064723,87.1740860597,0.148156561166,0,B
0.23314797619,674660,14.1980330069,0.00630018738095,1.36214786967,,0.0378075689223,0.470647487469,0.432458051378,222.761718045,0.23314797619,0,B
0.215308716953,674661,8.7903901237,0.00256003610455,1.35163758478,,0.0731782846991,0.463359983291,0.423418191215,217.86025481,0.215308716953,0,B
0.213365905321,674662,2.25233829268,0.00178598787648,1.31267173928,,0.0534568135882,0.448109110011,0.394106778844,229.038064793,0.213365905321,0,B
0.0656272040302,674663,0.0184868513854,0.000322732493703,0.560241813602,,0.0746720403023,0.188556171285,0.167445843829,114.934206549,0.0656272040302,0,A
0.286351405212,674664,16.79605,0.0187316697326,1.13257928803,,0.0152667858968,0.376727985011,0.361321120763,114.530287856,0.286351405212,0,C
0.217157245998,674665,9.03314,0.00231637836141,1.40908548708,,0.0260226221618,0.487730647693,0.461733682118,196.289475777,0.217157245998,0,C
0.221944563776,674666,3.96627634016,0.00215072582869,1.3068997318,,0.0226638667904,0.48653786131,0.464053977725,212.597872359,0.221944563776,0,D
0.207701287215,674667,6.65064495537,0.00277106431179,1.28697486531,,0.0403792495729,0.478212932042,0.43710705005,261.602947971,0.207701287215,0,C
0.222827782999,674668,4.60214725537,0.00228202392585,1.3517804686,,0.0259950333656,0.481469618071,0.455619206664,217.662328017,0.222827782999,0,B
0.175087994836,674669,1.91030738007,0.000741357929085,1.25239660057,,0.161504410796,0.465024738143,0.407508461735,297.840322617,0.175087994836,0,B
0.207478367205,674670,2.30446486662,0.00237985396555,1.26276814601,,0.0981723894317,0.469041730758,0.423097933421,204.655677383,0.207478367205,0,D
0.281258686973,674671,16.4619385695,0.0139820864484,1.24955738652,,0.0279874838611,0.417787632509,0.389702586471,177.836567512,0.281258686973,0,B
0.204587385926,674672,5.76230182822,0.00290062113519,1.21580472038,,0.0396473788452,0.442191226273,0.416100963062,149.899564808,0.204587385926,0,B
0.233101295124,674673,7.3070410375,0.00346250518233,1.38464495621,,0.0222381695431,0.481540694454,0.458909343832,165.739028744,0.233101295124,0,B
0.177169312594,674674,8.85691641711,0.00291599066241,0.948494435793,,0.0171931673317,0.336173109717,0.319354873264,121.442652191,0.177169312594,0,D
0.22719043152,674675,15.102335,0.0205896341463,0.124950832042,,0.0101014071295,0.201346998124,0.191194840525,47.2995684803,0.22719043152,0,A
0.20828254389,674676,3.13522899765,0.00219284089773,1.25125197744,,0.0479198079612,0.477788693275,0.44108995479,195.226536916,0.20828254389,0,B
0.511081182722,674677,34.2338948031,0.0470942672739,1.47175560703,,0.0469350004996,0.442867123731,0.416443965966,112.774001777,0.511081182722,0,A
0.171933340344,674678,2.52086721496,0.00227440715373,1.02566970279,,0.0270735433459,0.380162690522,0.356521437047,134.43034603,0.171933340344,0,C
0.138293784615,674679,2.29802550782,0.000838791739518,0.937951596164,,0.0334360377961,0.36220171321,0.328646126906,200.849118004,0.138293784615,0,D
0.148102087264,674680,4.31600884906,0.00114959436321,0.952160023585,,0.0222953144654,0.36186125,0.339188242925,187.888948899,0.148102087264,0,B
0.209106704019,674681,3.60138623013,0.00248958206075,1.29431238357,,0.0372371880307,0.469313304966,0.431113184762,186.81167742,0.209106704019,0,B
0.245350898328,674682,9.67458195757,0.00367207034062,1.36688101484,,0.0319691041888,0.474074491191,0.442915101312,199.1506941,0.245350898328,0,C
0.329954022763,674683,27.988610034,0.0152152600078,1.47707482993,,0.0260144557823,0.46971177394,0.444852832287,157.104546049,0.329954022763,0,B
0.218021635124,674684,12.7954658622,0.00255373114648,1.30304670302,,0.0721987517039,0.464783391261,0.4196480624,254.878104352,0.218021635124,0,B
0.170329158906,674685,2.00197911503,0.000968829619069,1.24589298339,,0.0951934856245,0.476579575054,0.426390843599,284.857098615,0.170329158906,0,C
0.206849565217,674686,9.08102256522,0.00186261130435,1.21059444771,,0.0150443478261,0.490355217391,0.475286956522,202.308869565,0.206849565217,0,B
0.202140576923,674687,13.352131,0.00230455192308,1.24794642857,,0.016565,0.444924615385,0.428645576923,178.290115385,0.202140576923,0,D
0.0976746478873,674688,2.45588,0.000553329577465,0.651185414514,,0.0232816901408,0.240033802817,0.216861971831,123.417464789,0.0976746478873,0,D
0.222953804746,674689,4.01900071879,0.00204925745909,1.29917928302,,0.0277509242893,0.477433263044,0.449793251349,222.535780908,0.222953804746,0,B
0.0943704792481,674690,2.13831,0.0010931938481,0.567434210526,,0.0133316280643,0.215025975915,0.201310821993,79.997475966,0.0943704792481,0,D
0.207824527573,674691,2.04583550374,0.00248714003561,1.31574637554,,0.135128426077,0.466121364152,0.417228792699,236.550234014,0.207824527573,0,C
0.172786136875,674692,2.12185948146,0.00176441403504,1.09237883042,,0.108167028271,0.421999237791,0.373803543687,227.595660054,0.172786136875,0,D
0.167061594261,674693,3.86011404062,0.00105764370958,0.98793778993,,0.0325638409253,0.437035374515,0.404054010728,233.798169856,0.167061594261,0,B
0.205828539042,674694,4.3976801098,0.00175381717544,1.10764071211,,0.0256395962719,0.485199618105,0.459258956043,236.179205677,0.205828539042,0,B
0.187991035105,674695,2.05175875521,0.00156572645121,1.25656137609,,0.0683518649234,0.459687560908,0.405869415401,256.818435392,0.187991035105,0,C
0.23547948728,674696,13.7404272587,0.00369463914812,1.31063165266,,0.0274104699453,0.455323968029,0.428546648443,188.146530083,0.23547948728,0,B
0.180717105263,674697,2.87892894737,0.00127484737151,1.33627631579,,0.0406736842105,0.479242763158,0.437884868421,280.101315789,0.180717105263,0,C
0.244470966202,674698,7.77247772896,0.00391142573336,1.33316402858,,0.036878905716,0.441337192424,0.405592138854,189.719551631,0.244470966202,0,B
0.151877511962,674699,6.36984174043,0.00296463492823,0.767394138756,,0.017602930622,0.258451016746,0.241420215311,101.7834689,0.151877511962,0,C
0.150655030854,674700,7.61841621609,0.00250080832595,0.689213815789,,0.0224299393631,0.278125150063,0.255437877797,134.970469974,0.150655030854,0,D
0.185813497625,674701,6.0022185973,0.00285552328254,0.977217086865,,0.0275398317841,0.319506895832,0.292830959072,141.915693597,0.185813497625,0,D
0.194408853646,674702,3.06150390544,0.00114866130869,1.34186524002,,0.0401795724013,0.468902949025,0.428126933593,272.637524318,0.194408853646,0,D
0.178723464543,674703,2.517192354,0.000925158046682,1.34259531231,,0.0439005070603,0.469348148166,0.424483017213,295.19612033,0.178723464543,0,C
0.144276778656,674704,4.43359581028,0.00203290928854,0.833402503294,,0.0165270750988,0.287960737813,0.271869071146,122.205685112,0.144276778656,0,D
0.187060952726,674705,3.23458254693,0.00100196458689,1.34468452049,,0.0437818700943,0.458467500933,0.413557711593,295.422636391,0.187060952726,0,B
0.1271100841,674706,4.28562334883,0.00161099316831,0.762914053331,,0.0333257635924,0.25601928836,0.234549651876,108.627282589,0.1271100841,0,B
0.14222164557,674707,2.554691,0.00100329493871,0.897,,0.0364802953586,0.254872531646,0.218516244726,162.531383966,0.14222164557,0,D
0.0801,674708,4.37544,0.005909,0.138,,0.01085,0.0851,0.07425,35.885,0.0801,0,A
0.040880625,674709,0.28492696875,0.000211648125,0.294684375,,0.00926,0.1188565625,0.10915625,73.5761875,0.040880625,0,D
0.297715039505,674710,7.35579792606,0.00532241632241,1.42447732634,,0.0547947389734,0.402275857198,0.347427426689,213.931750861,0.297715039505,0,D
0.34433902439,674711,27.5126189024,0.0107630853659,1.0868902439,,0.0337353658537,0.368535365854,0.334018292683,104.591707317,0.34433902439,0,A
0.116971142846,674712,2.20067466411,0.000758603895248,0.859911331281,,0.0233983674205,0.315310549693,0.291445718295,175.710827556,0.116971142846,0,D
0.08495,674713,4.940005,0.001189,0.4985,,0.00785,0.17055,0.163,66.56,0.08495,0,D
0.0753285447761,674714,2.45641718284,0.000713583955224,0.474410447761,,0.00713152985075,0.172264738806,0.16515130597,75.0306343284,0.0753285447761,0,D
0.11302206898,674715,1.20515618256,0.000549365778956,0.81079746552,,0.10487318649,0.308171801571,0.269522089164,188.732446375,0.11302206898,0,D
0.143788775165,674716,3.64982722805,0.00142569040771,0.852277575706,,0.0132598756556,0.318940547285,0.305813123837,135.508979022,0.143788775165,0,D
0.110103007519,674717,6.41728263158,0.00120166879733,0.687578947368,,0.0109507518797,0.246340789474,0.235517293233,101.397706767,0.110103007519,0,D
0.230836438895,674718,9.07431327767,0.00325074907472,1.28143683413,,0.0221973144246,0.460935623171,0.439441264221,181.82324534,0.230836438895,0,D
0.203053687341,674719,6.63311795647,0.00254014464707,1.14233751365,,0.0222371172557,0.41830007423,0.39605920234,185.608224383,0.203053687341,0,D
0.185345591647,674720,14.53776,0.00548450510441,0.698314385151,,0.0147765661253,0.229036890951,0.213965661253,69.3536194896,0.185345591647,0,D
0.3005,674721,26.111515,0.0105415,0.9425,,0.02305,0.28485,0.26135,59.47,0.3005,0,A
0.226183753741,674722,8.40442915584,0.00280397021838,1.27243273994,,0.0287825686849,0.449766772632,0.421503383458,200.752269409,0.226183753741,0,B
0.148861538462,674723,3.38744,0.000613415384615,1.08,,0.0373538461538,0.362153846154,0.323815384615,242.190769231,0.148861538462,0,D
0.174805881896,674724,1.54668188811,0.00102522948142,1.34283566434,,0.166502991453,0.474774296814,0.417190784771,290.828107226,0.174805881896,0,C
0.592,674725,42.343,0.05833,,,0.02,0.437,0.417,72.6,0.592,0,A
0.0732182634731,674726,3.43476458084,0.00209247245509,0.297206586826,,0.00742095808383,0.0895526946108,0.0821365269461,29.7079640719,0.0732182634731,0,D
0.216152794141,674727,5.68102757776,0.00268015155219,1.38474749221,,0.0318131813917,0.478051685948,0.446246766846,238.201824831,0.216152794141,0,D
0.228107229556,674728,6.35845643887,0.00362279482205,1.40359031136,,0.0302643559198,0.477416699786,0.44729475482,225.781409286,0.228107229556,0,C
0.244830336107,674729,10.2035647273,0.0052005053158,1.40003418037,,0.0380703220105,0.462977234707,0.424849688382,232.527346343,0.244830336107,0,B
0.283122065132,674730,13.285799463,0.0060851361914,1.44864699717,,0.0333957413392,0.466611419416,0.434343785001,182.270985141,0.283122065132,0,B
0.235477506116,674731,4.06830930596,0.00492876292767,1.3806687884,,0.0367500218868,0.469720436393,0.433057122691,227.297224479,0.235477506116,0,B
0.269751439425,674732,3.0205219298,0.0100519878123,1.38167348187,,0.0383370477764,0.463988728175,0.425418705954,212.752024497,0.269751439425,0,B
0.22467276933,674733,12.1843017807,0.00287829797878,1.36970776407,,0.0312147291027,0.480056347468,0.448684072438,215.86935511,0.22467276933,0,B
0.1564304433,674734,4.44345117148,0.00101645429128,1.15637658492,,0.0240375084511,0.412633014743,0.387801772885,225.300541431,0.1564304433,0,D
0.215191647535,674735,6.21157109842,0.00248142844643,1.3844322533,,0.0298096188009,0.479251644616,0.449248443383,237.350577804,0.215191647535,0,D
0.159490730642,674736,5.09143879041,0.00136664975117,1.18844009668,,0.0280790678073,0.423648941823,0.394602320707,244.132417253,0.159490730642,0,D
0.192923085214,674737,3.44419630863,0.00226216430543,1.20882013379,,0.0615202575561,0.426188301562,0.387483609465,215.882802485,0.192923085214,0,C
0.180141892025,674738,3.85434901728,0.0013926064656,1.23994813568,,0.0334210659831,0.446612553772,0.412507199011,254.148805951,0.180141892025,0,C
0.191545380582,674739,5.74971747304,0.00192714210859,1.34812903693,,0.0365581568084,0.458196384859,0.420964928438,261.408575485,0.191545380582,0,B
0.184168861732,674740,3.39374092958,0.00141126079277,1.36713083269,,0.0340324849944,0.477295042267,0.442176281567,278.703243755,0.184168861732,0,B
0.155290666981,674741,1.54975999626,0.000547966283441,1.34473090852,,0.0948971219472,0.47522025269,0.42924191643,317.244193676,0.155290666981,0,C
0.177772015261,674742,2.23441974531,0.0010989719755,1.31139305219,,0.0447258391652,0.447046423682,0.401511247407,269.025130941,0.177772015261,0,B
0.160433766234,674743,5.67780292208,0.00139498051948,1.00502905198,,0.0138123376623,0.370778571429,0.356975974026,158.924285714,0.160433766234,0,D
0.182698930689,674744,2.59406859821,0.00118278440986,1.29256156918,,0.0586340250176,0.422920991173,0.363981482181,274.146946384,0.182698930689,0,D
0.280182514014,674745,10.0189582348,0.0079391870526,1.35340795444,,0.0356049084517,0.468316047686,0.432231441267,186.348647502,0.280182514014,0,B
0.220671548706,674746,3.75375565107,0.00358873278834,1.24135160435,,0.0419697075654,0.46697422593,0.424278735533,183.416972423,0.220671548706,0,B
0.235736218086,674747,7.50452490395,0.00343701615781,1.32320495086,,0.0674874206624,0.457763598698,0.40756043852,246.766288855,0.235736218086,0,B
0.193036862365,674748,3.90636810617,0.00226550980696,1.15467357942,,0.0588535621826,0.480568488378,0.443765476477,261.832485503,0.193036862365,0,B
0.256328740354,674749,10.5512620817,0.00509600636143,1.29136532757,,0.0399473170791,0.45984739293,0.42031983981,222.114074575,0.256328740354,0,B
0.179193842805,674750,2.09823427371,0.00104953481016,1.26554509804,,0.0506685725672,0.47334834851,0.422259608852,293.817109016,0.179193842805,0,B
0.3240992491,674751,19.4515711004,0.0154300286943,1.38249631869,,0.0305062882245,0.461570525161,0.431445502263,177.338718873,0.3240992491,0,B
0.266551591298,674752,11.0915799895,0.00877226640483,1.34358042469,,0.0336547933579,0.46786225629,0.434475820254,209.592942331,0.266551591298,0,B
0.284073977988,674753,11.3311263097,0.011012228796,1.30805790408,,0.028434493311,0.447668908113,0.419669625442,179.649457492,0.284073977988,0,B
0.255652013362,674754,14.5999726985,0.00856140737996,1.35801132619,,0.0401395722013,0.464860028419,0.424671454647,232.947247407,0.255652013362,0,B
0.218789589234,674755,9.78734553891,0.0062720062447,1.20688144493,,0.0328562018872,0.420990517774,0.387815267054,205.13517716,0.218789589234,0,D
0.264713597146,674756,13.6743331434,0.00862250614419,1.39972815216,,0.0589838307588,0.463298906105,0.421437686271,230.49500773,0.264713597146,0,B
0.152899790657,674757,3.05736940426,0.00126477055824,1.01785180968,,0.0614034077833,0.396465341445,0.363804255825,219.896510446,0.152899790657,0,D
0.100070382517,674758,2.2211930719,0.00088742084305,0.640535636073,,0.020081922466,0.256155807414,0.235824234724,135.765472613,0.100070382517,0,D
0.18594827854,674759,4.9485891281,0.00224300341474,1.11544840163,,0.0524733352969,0.427400744272,0.394153562449,212.860260994,0.18594827854,0,C
0.146989772632,674760,3.51669889854,0.00159728540863,0.958550378481,,0.0567573383477,0.353526688251,0.312382119978,210.961971003,0.146989772632,0,D
0.131990951806,674761,2.14128920304,0.00112428834948,0.919017767341,,0.0301477690664,0.342414589265,0.312068047328,194.938762056,0.131990951806,0,C
0.198203452168,674762,4.10684385173,0.00182765540795,1.22679992679,,0.0337245273685,0.482812932818,0.448732023358,242.696908294,0.198203452168,0,B
0.198758336586,674763,4.88021147711,0.00206325511217,1.26010786817,,0.039712448507,0.477105486069,0.43706195152,256.053248065,0.198758336586,0,B
0.15513902439,674764,12.7906828049,0.00518708536585,0.516304878049,,0.0137353658537,0.151335365854,0.137318292683,39.2917073171,0.15513902439,0,D
0.183091081636,674765,8.08937730726,0.00243630819031,1.04136476437,,0.023260889871,0.355622633593,0.332979806359,153.80161536,0.183091081636,0,D
0.10514,674766,6.24595917895,0.0028164,0.436875789474,,0.01014,0.13718,0.12736,41.67,0.10514,0,D
0.1069125,674767,8.468595,0.003026625,0.4384,,0.008475,0.1389,0.1303875,41.8875,0.1069125,0,D
0.158430309278,674768,8.63377869382,0.00342322886598,0.773526213592,,0.0150674226804,0.254687628866,0.239823092784,93.8480412371,0.158430309278,0,B
0.201203391735,674769,9.40442027174,0.00303219459665,1.10890745388,,0.022442774599,0.381745122469,0.36010002874,152.910982146,0.201203391735,0,B
0.262293824147,674770,13.6899369003,0.00695968708952,1.39867559514,,0.0437529843226,0.476241698132,0.446028841933,196.81519547,0.262293824147,0,B
0.229034826155,674771,6.21956671053,0.00330632833513,1.31953972851,,0.036701027091,0.475560771408,0.439200319503,207.335419077,0.229034826155,0,B
0.278052564466,674772,12.9424328347,0.00909417906942,1.35944461474,,0.0418749432749,0.462172058636,0.420334232368,190.11181332,0.278052564466,0,B
0.399015803141,674773,38.7589587534,0.0218060498621,1.40453132428,,0.0342730956569,0.449470796257,0.415257285331,135.926840669,0.399015803141,0,B
0.160808066362,674774,12.2733178261,0.00276443993135,0.840284774436,,0.0170127002288,0.285807322654,0.26971916476,105.76097254,0.160808066362,0,D
0.223892851558,674775,4.42769349505,0.00306496886413,1.24618657184,,0.0394328113697,0.465337675277,0.425428265683,166.873107449,0.223892851558,0,B
0.257819585339,674776,19.4115853843,0.00735818532401,1.25713242773,,0.0259774187155,0.478839984575,0.452749654718,178.187083202,0.257819585339,0,B
0.237002170754,674777,9.02541362734,0.00390249514797,1.22002073723,,0.0400506457315,0.417617173986,0.379096717865,175.259732245,0.237002170754,0,B
0.215984922955,674778,8.92353105806,0.00517802443252,1.0996664784,,0.0305995707921,0.373791440982,0.344250909886,159.208658265,0.215984922955,0,B
0.248470217989,674779,11.7873092763,0.00855765858209,1.17397103299,,0.0286293499607,0.395186959937,0.367441683032,160.693768657,0.248470217989,0,B
0.252135515079,674780,5.0160733912,0.00482428715439,1.31268777787,,0.0590559987157,0.464876002208,0.423945566176,181.133869224,0.252135515079,0,C
0.341013191056,674781,30.1180339152,0.0138432212581,1.30130407881,,0.0274982731506,0.466248700006,0.439625765467,150.109986369,0.341013191056,0,B
0.252439564905,674782,10.2385902941,0.00413157621075,1.30121511499,,0.0219913478549,0.485117912428,0.463491306391,181.748667072,0.252439564905,0,B
0.195336494789,674783,2.61501505641,0.00227779823089,1.28068426388,,0.099497918338,0.467494725818,0.413324297288,229.478638051,0.195336494789,0,C
0.12005118705,674784,4.615379,0.00138968381295,0.6915,,0.00987568345324,0.261974892086,0.252321402878,105.51005036,0.12005118705,0,C
0.149925,674785,2.1877175,0.0024125,0.802,,0.0157,0.28625,0.2709,100.3475,0.149925,0,D
0.225353553783,676954,7.06216354718,0.00307714573618,1.23327744294,,0.0391233774667,0.406593645793,0.368043653663,203.845904862,0.225353553783,0,B
0.368169077426,676956,24.6684477586,0.0202584901344,1.32039963921,,0.0260763857419,0.461954293456,0.43541682626,154.010786921,0.368169077426,0,D
0.0966,676958,3.24629,0.002157,0.4,,0.0123,0.1359,0.1245,43.98,0.0966,0,D
0.225018442901,676959,7.16246743285,0.00524234598474,1.37817201708,,0.049636078051,0.468907365668,0.430757114598,255.352553243,0.225018442901,0,B
0.284319094026,676988,21.1157415548,0.0129014680198,1.21117779009,,0.0597860035221,0.472362190119,0.439649498217,209.000916866,0.284319094026,0,D
